"37","You have a new order! Order ID: 0","1982-01-05 19:47:07"
"63","You have a new order! Order ID: 1","1984-11-14 15:20:24"
"16","You have a new order! Order ID: 1","1984-11-14 15:20:24"
"75","You have a new order! Order ID: 1","1984-11-14 15:20:24"
"38","You have a new order! Order ID: 1","1984-11-14 15:20:24"
"49","You have a new order! Order ID: 2","1997-07-05 18:41:13"
"58","You have a new order! Order ID: 3","2011-01-12 16:12:25"
"26","You have a new order! Order ID: 3","2011-01-12 16:12:25"
"62","You have a new order! Order ID: 3","2011-01-12 16:12:25"
"15","You have a new order! Order ID: 3","2011-01-12 16:12:25"
"23","You have a new order! Order ID: 4","2006-08-28 00:05:18"
"85","You have a new order! Order ID: 4","2006-08-28 00:05:18"
"54","You have a new order! Order ID: 5","1991-06-05 05:03:39"
"35","You have a new order! Order ID: 5","1991-06-05 05:03:39"
"78","You have a new order! Order ID: 5","1991-06-05 05:03:39"
"57","You have a new order! Order ID: 6","1977-03-20 12:41:52"
"70","You have a new order! Order ID: 6","1977-03-20 12:41:52"
"65","You have a new order! Order ID: 6","1977-03-20 12:41:52"
"14","You have a new order! Order ID: 7","2013-01-08 16:01:28"
"71","You have a new order! Order ID: 7","2013-01-08 16:01:28"
"85","You have a new order! Order ID: 8","2012-05-26 10:45:52"
"82","You have a new order! Order ID: 8","2012-05-26 10:45:52"
"70","You have a new order! Order ID: 8","2012-05-26 10:45:52"
"77","You have a new order! Order ID: 8","2012-05-26 10:45:52"
"78","You have a new order! Order ID: 9","1979-01-17 18:57:24"
"12","You have a new order! Order ID: 9","1979-01-17 18:57:24"
"91","You have a new order! Order ID: 9","1979-01-17 18:57:24"
"64","You have a new order! Order ID: 10","1987-10-29 04:04:06"
"90","You have a new order! Order ID: 10","1987-10-29 04:04:06"
"93","You have a new order! Order ID: 11","1978-05-03 03:06:26"
"14","You have a new order! Order ID: 11","1978-05-03 03:06:26"
"13","You have a new order! Order ID: 11","1978-05-03 03:06:26"
"76","You have a new order! Order ID: 11","1978-05-03 03:06:26"
"85","You have a new order! Order ID: 11","1978-05-03 03:06:26"
"79","You have a new order! Order ID: 12","2014-12-13 10:27:34"
"31","You have a new order! Order ID: 12","2014-12-13 10:27:34"
"18","You have a new order! Order ID: 12","2014-12-13 10:27:34"
"50","You have a new order! Order ID: 12","2014-12-13 10:27:34"
"31","You have a new order! Order ID: 12","2014-12-13 10:27:34"
"91","You have a new order! Order ID: 13","1988-12-10 07:25:03"
"80","You have a new order! Order ID: 14","2005-01-11 05:48:09"
"98","You have a new order! Order ID: 14","2005-01-11 05:48:09"
"65","You have a new order! Order ID: 14","2005-01-11 05:48:09"
"95","You have a new order! Order ID: 14","2005-01-11 05:48:09"
"74","You have a new order! Order ID: 15","2022-01-29 06:38:46"
"28","You have a new order! Order ID: 15","2022-01-29 06:38:46"
"50","You have a new order! Order ID: 16","2002-05-17 04:20:11"
"61","You have a new order! Order ID: 16","2002-05-17 04:20:11"
"23","You have a new order! Order ID: 17","1993-12-05 17:26:19"
"53","You have a new order! Order ID: 17","1993-12-05 17:26:19"
"34","You have a new order! Order ID: 18","2001-06-19 00:37:50"
"46","You have a new order! Order ID: 18","2001-06-19 00:37:50"
"75","You have a new order! Order ID: 18","2001-06-19 00:37:50"
"69","You have a new order! Order ID: 18","2001-06-19 00:37:50"
"78","You have a new order! Order ID: 19","2008-11-01 07:10:38"
"12","You have a new order! Order ID: 19","2008-11-01 07:10:38"
"10","You have a new order! Order ID: 19","2008-11-01 07:10:38"
"95","You have a new order! Order ID: 19","2008-11-01 07:10:38"
"56","You have a new order! Order ID: 19","2008-11-01 07:10:38"
"32","You have a new order! Order ID: 20","2007-07-05 00:11:23"
"27","You have a new order! Order ID: 20","2007-07-05 00:11:23"
"23","You have a new order! Order ID: 20","2007-07-05 00:11:23"
"60","You have a new order! Order ID: 20","2007-07-05 00:11:23"
"24","You have a new order! Order ID: 20","2007-07-05 00:11:23"
"7","You have a new order! Order ID: 21","1972-08-08 08:43:07"
"57","You have a new order! Order ID: 21","1972-08-08 08:43:07"
"99","You have a new order! Order ID: 22","1980-12-05 01:31:46"
"52","You have a new order! Order ID: 22","1980-12-05 01:31:46"
"18","You have a new order! Order ID: 23","1971-06-09 00:05:56"
"98","You have a new order! Order ID: 24","1980-08-17 20:08:21"
"26","You have a new order! Order ID: 24","1980-08-17 20:08:21"
"15","You have a new order! Order ID: 25","2013-03-19 06:19:39"
"13","You have a new order! Order ID: 25","2013-03-19 06:19:39"
"42","You have a new order! Order ID: 25","2013-03-19 06:19:39"
"77","You have a new order! Order ID: 26","2008-08-01 00:34:14"
"29","You have a new order! Order ID: 26","2008-08-01 00:34:14"
"77","You have a new order! Order ID: 26","2008-08-01 00:34:14"
"54","You have a new order! Order ID: 27","1973-08-09 10:12:28"
"28","You have a new order! Order ID: 27","1973-08-09 10:12:28"
"78","You have a new order! Order ID: 27","1973-08-09 10:12:28"
"84","You have a new order! Order ID: 27","1973-08-09 10:12:28"
"75","You have a new order! Order ID: 28","1997-02-21 16:28:14"
"5","You have a new order! Order ID: 29","2018-05-14 05:37:02"
"23","You have a new order! Order ID: 29","2018-05-14 05:37:02"
"78","You have a new order! Order ID: 29","2018-05-14 05:37:02"
"13","You have a new order! Order ID: 29","2018-05-14 05:37:02"
"48","You have a new order! Order ID: 29","2018-05-14 05:37:02"
"82","You have a new order! Order ID: 30","1995-09-22 17:30:37"
"21","You have a new order! Order ID: 30","1995-09-22 17:30:37"
"51","You have a new order! Order ID: 31","1980-03-16 00:22:32"
"82","You have a new order! Order ID: 31","1980-03-16 00:22:32"
"37","You have a new order! Order ID: 31","1980-03-16 00:22:32"
"76","You have a new order! Order ID: 32","2013-06-13 12:38:55"
"84","You have a new order! Order ID: 32","2013-06-13 12:38:55"
"96","You have a new order! Order ID: 32","2013-06-13 12:38:55"
"30","You have a new order! Order ID: 32","2013-06-13 12:38:55"
"67","You have a new order! Order ID: 32","2013-06-13 12:38:55"
"84","You have a new order! Order ID: 33","1998-09-02 12:44:29"
"51","You have a new order! Order ID: 34","2002-01-13 11:11:23"
"85","You have a new order! Order ID: 34","2002-01-13 11:11:23"
"62","You have a new order! Order ID: 34","2002-01-13 11:11:23"
"14","You have a new order! Order ID: 34","2002-01-13 11:11:23"
"75","You have a new order! Order ID: 35","2007-12-01 15:02:46"
"1","You have a new order! Order ID: 35","2007-12-01 15:02:46"
"65","You have a new order! Order ID: 35","2007-12-01 15:02:46"
"12","You have a new order! Order ID: 36","1970-08-12 17:14:15"
"45","You have a new order! Order ID: 36","1970-08-12 17:14:15"
"23","You have a new order! Order ID: 36","1970-08-12 17:14:15"
"73","You have a new order! Order ID: 37","1996-05-12 07:55:34"
"4","You have a new order! Order ID: 37","1996-05-12 07:55:34"
"10","You have a new order! Order ID: 37","1996-05-12 07:55:34"
"72","You have a new order! Order ID: 37","1996-05-12 07:55:34"
"16","You have a new order! Order ID: 37","1996-05-12 07:55:34"
"55","You have a new order! Order ID: 38","1986-10-10 13:19:47"
"65","You have a new order! Order ID: 38","1986-10-10 13:19:47"
"66","You have a new order! Order ID: 38","1986-10-10 13:19:47"
"14","You have a new order! Order ID: 38","1986-10-10 13:19:47"
"10","You have a new order! Order ID: 39","2007-04-15 14:23:26"
"99","You have a new order! Order ID: 39","2007-04-15 14:23:26"
"0","You have a new order! Order ID: 39","2007-04-15 14:23:26"
"3","You have a new order! Order ID: 39","2007-04-15 14:23:26"
"23","You have a new order! Order ID: 39","2007-04-15 14:23:26"
"88","You have a new order! Order ID: 40","1979-07-06 20:52:07"
"7","You have a new order! Order ID: 41","2015-11-07 03:22:46"
"30","You have a new order! Order ID: 41","2015-11-07 03:22:46"
"39","You have a new order! Order ID: 41","2015-11-07 03:22:46"
"51","You have a new order! Order ID: 41","2015-11-07 03:22:46"
"16","You have a new order! Order ID: 41","2015-11-07 03:22:46"
"26","You have a new order! Order ID: 42","2002-11-14 15:45:19"
"6","You have a new order! Order ID: 43","2003-10-21 23:39:37"
"65","You have a new order! Order ID: 43","2003-10-21 23:39:37"
"70","You have a new order! Order ID: 44","2017-07-21 10:19:05"
"48","You have a new order! Order ID: 44","2017-07-21 10:19:05"
"2","You have a new order! Order ID: 44","2017-07-21 10:19:05"
"47","You have a new order! Order ID: 45","2010-03-25 18:37:50"
"82","You have a new order! Order ID: 45","2010-03-25 18:37:50"
"95","You have a new order! Order ID: 45","2010-03-25 18:37:50"
"82","You have a new order! Order ID: 45","2010-03-25 18:37:50"
"53","You have a new order! Order ID: 45","2010-03-25 18:37:50"
"3","You have a new order! Order ID: 46","1979-03-15 03:24:14"
"77","You have a new order! Order ID: 46","1979-03-15 03:24:14"
"93","You have a new order! Order ID: 46","1979-03-15 03:24:14"
"54","You have a new order! Order ID: 46","1979-03-15 03:24:14"
"97","You have a new order! Order ID: 46","1979-03-15 03:24:14"
"50","You have a new order! Order ID: 47","1985-03-30 14:01:23"
"32","You have a new order! Order ID: 47","1985-03-30 14:01:23"
"30","You have a new order! Order ID: 47","1985-03-30 14:01:23"
"35","You have a new order! Order ID: 47","1985-03-30 14:01:23"
"94","You have a new order! Order ID: 48","1992-09-10 05:27:48"
"69","You have a new order! Order ID: 49","1988-09-02 12:43:04"
"35","You have a new order! Order ID: 49","1988-09-02 12:43:04"
"2","You have a new order! Order ID: 49","1988-09-02 12:43:04"
"44","You have a new order! Order ID: 49","1988-09-02 12:43:04"
"46","You have a new order! Order ID: 49","1988-09-02 12:43:04"
"16","You have a new order! Order ID: 50","1980-09-29 02:44:17"
"39","You have a new order! Order ID: 50","1980-09-29 02:44:17"
"35","You have a new order! Order ID: 50","1980-09-29 02:44:17"
"29","You have a new order! Order ID: 50","1980-09-29 02:44:17"
"24","You have a new order! Order ID: 50","1980-09-29 02:44:17"
"58","You have a new order! Order ID: 51","1981-11-09 10:55:47"
"41","You have a new order! Order ID: 51","1981-11-09 10:55:47"
"64","You have a new order! Order ID: 51","1981-11-09 10:55:47"
"35","You have a new order! Order ID: 51","1981-11-09 10:55:47"
"20","You have a new order! Order ID: 51","1981-11-09 10:55:47"
"29","You have a new order! Order ID: 52","1998-08-03 07:21:38"
"62","You have a new order! Order ID: 52","1998-08-03 07:21:38"
"40","You have a new order! Order ID: 53","1977-05-13 07:05:56"
"55","You have a new order! Order ID: 53","1977-05-13 07:05:56"
"13","You have a new order! Order ID: 54","1989-10-05 10:24:22"
"57","You have a new order! Order ID: 54","1989-10-05 10:24:22"
"93","You have a new order! Order ID: 54","1989-10-05 10:24:22"
"66","You have a new order! Order ID: 54","1989-10-05 10:24:22"
"97","You have a new order! Order ID: 54","1989-10-05 10:24:22"
"37","You have a new order! Order ID: 55","1991-01-21 02:52:31"
"27","You have a new order! Order ID: 55","1991-01-21 02:52:31"
"81","You have a new order! Order ID: 55","1991-01-21 02:52:31"
"80","You have a new order! Order ID: 55","1991-01-21 02:52:31"
"45","You have a new order! Order ID: 56","1991-05-17 07:28:04"
"54","You have a new order! Order ID: 56","1991-05-17 07:28:04"
"86","You have a new order! Order ID: 56","1991-05-17 07:28:04"
"38","You have a new order! Order ID: 56","1991-05-17 07:28:04"
"84","You have a new order! Order ID: 57","1981-11-03 21:22:14"
"16","You have a new order! Order ID: 57","1981-11-03 21:22:14"
"70","You have a new order! Order ID: 57","1981-11-03 21:22:14"
"82","You have a new order! Order ID: 58","2018-04-08 15:57:32"
"1","You have a new order! Order ID: 58","2018-04-08 15:57:32"
"64","You have a new order! Order ID: 58","2018-04-08 15:57:32"
"41","You have a new order! Order ID: 58","2018-04-08 15:57:32"
"19","You have a new order! Order ID: 59","1996-03-26 05:16:11"
"78","You have a new order! Order ID: 59","1996-03-26 05:16:11"
"38","You have a new order! Order ID: 59","1996-03-26 05:16:11"
"2","You have a new order! Order ID: 60","2016-02-26 23:04:35"
"50","You have a new order! Order ID: 60","2016-02-26 23:04:35"
"98","You have a new order! Order ID: 60","2016-02-26 23:04:35"
"74","You have a new order! Order ID: 60","2016-02-26 23:04:35"
"78","You have a new order! Order ID: 60","2016-02-26 23:04:35"
"94","You have a new order! Order ID: 61","1982-05-03 11:15:49"
"41","You have a new order! Order ID: 61","1982-05-03 11:15:49"
"23","You have a new order! Order ID: 61","1982-05-03 11:15:49"
"1","You have a new order! Order ID: 61","1982-05-03 11:15:49"
"3","You have a new order! Order ID: 61","1982-05-03 11:15:49"
"34","You have a new order! Order ID: 62","2003-11-04 16:21:38"
"49","You have a new order! Order ID: 62","2003-11-04 16:21:38"
"9","You have a new order! Order ID: 62","2003-11-04 16:21:38"
"72","You have a new order! Order ID: 63","2002-11-09 07:14:09"
"44","You have a new order! Order ID: 63","2002-11-09 07:14:09"
"58","You have a new order! Order ID: 63","2002-11-09 07:14:09"
"78","You have a new order! Order ID: 64","1993-02-15 22:53:32"
"5","You have a new order! Order ID: 64","1993-02-15 22:53:32"
"25","You have a new order! Order ID: 64","1993-02-15 22:53:32"
"44","You have a new order! Order ID: 65","1991-08-09 03:18:59"
"38","You have a new order! Order ID: 66","1978-11-03 13:58:36"
"51","You have a new order! Order ID: 66","1978-11-03 13:58:36"
"55","You have a new order! Order ID: 67","2016-07-24 06:24:59"
"26","You have a new order! Order ID: 67","2016-07-24 06:24:59"
"89","You have a new order! Order ID: 67","2016-07-24 06:24:59"
"0","You have a new order! Order ID: 67","2016-07-24 06:24:59"
"44","You have a new order! Order ID: 68","1974-03-14 10:12:44"
"69","You have a new order! Order ID: 68","1974-03-14 10:12:44"
"54","You have a new order! Order ID: 68","1974-03-14 10:12:44"
"0","You have a new order! Order ID: 69","1988-12-13 20:25:41"
"11","You have a new order! Order ID: 69","1988-12-13 20:25:41"
"58","You have a new order! Order ID: 69","1988-12-13 20:25:41"
"79","You have a new order! Order ID: 69","1988-12-13 20:25:41"
"86","You have a new order! Order ID: 69","1988-12-13 20:25:41"
"36","You have a new order! Order ID: 70","1979-02-27 22:04:32"
"3","You have a new order! Order ID: 71","2003-06-13 00:05:01"
"40","You have a new order! Order ID: 71","2003-06-13 00:05:01"
"9","You have a new order! Order ID: 71","2003-06-13 00:05:01"
"99","You have a new order! Order ID: 72","2007-09-16 04:10:39"
"59","You have a new order! Order ID: 72","2007-09-16 04:10:39"
"29","You have a new order! Order ID: 72","2007-09-16 04:10:39"
"25","You have a new order! Order ID: 72","2007-09-16 04:10:39"
"45","You have a new order! Order ID: 73","1974-08-15 07:49:16"
"83","You have a new order! Order ID: 73","1974-08-15 07:49:16"
"70","You have a new order! Order ID: 73","1974-08-15 07:49:16"
"77","You have a new order! Order ID: 73","1974-08-15 07:49:16"
"31","You have a new order! Order ID: 74","2014-05-24 11:19:52"
"29","You have a new order! Order ID: 74","2014-05-24 11:19:52"
"96","You have a new order! Order ID: 74","2014-05-24 11:19:52"
"44","You have a new order! Order ID: 74","2014-05-24 11:19:52"
"19","You have a new order! Order ID: 75","2004-06-06 00:26:27"
"50","You have a new order! Order ID: 76","1994-09-16 22:14:05"
"2","You have a new order! Order ID: 76","1994-09-16 22:14:05"
"69","You have a new order! Order ID: 76","1994-09-16 22:14:05"
"14","You have a new order! Order ID: 76","1994-09-16 22:14:05"
"97","You have a new order! Order ID: 76","1994-09-16 22:14:05"
"37","You have a new order! Order ID: 77","1970-12-09 05:37:31"
"68","You have a new order! Order ID: 77","1970-12-09 05:37:31"
"40","You have a new order! Order ID: 77","1970-12-09 05:37:31"
"13","You have a new order! Order ID: 77","1970-12-09 05:37:31"
"51","You have a new order! Order ID: 77","1970-12-09 05:37:31"
"85","You have a new order! Order ID: 78","2001-04-23 05:26:01"
"39","You have a new order! Order ID: 78","2001-04-23 05:26:01"
"49","You have a new order! Order ID: 78","2001-04-23 05:26:01"
"24","You have a new order! Order ID: 78","2001-04-23 05:26:01"
"71","You have a new order! Order ID: 78","2001-04-23 05:26:01"
"28","You have a new order! Order ID: 79","2012-09-04 19:35:09"
"58","You have a new order! Order ID: 79","2012-09-04 19:35:09"
"80","You have a new order! Order ID: 80","1989-07-10 09:46:48"
"31","You have a new order! Order ID: 80","1989-07-10 09:46:48"
"13","You have a new order! Order ID: 80","1989-07-10 09:46:48"
"84","You have a new order! Order ID: 80","1989-07-10 09:46:48"
"83","You have a new order! Order ID: 81","2003-09-09 01:26:45"
"33","You have a new order! Order ID: 81","2003-09-09 01:26:45"
"29","You have a new order! Order ID: 81","2003-09-09 01:26:45"
"67","You have a new order! Order ID: 81","2003-09-09 01:26:45"
"3","You have a new order! Order ID: 82","1997-09-19 05:04:21"
"74","You have a new order! Order ID: 82","1997-09-19 05:04:21"
"94","You have a new order! Order ID: 83","1990-10-04 23:26:25"
"81","You have a new order! Order ID: 83","1990-10-04 23:26:25"
"29","You have a new order! Order ID: 83","1990-10-04 23:26:25"
"36","You have a new order! Order ID: 84","1972-05-30 10:25:19"
"75","You have a new order! Order ID: 84","1972-05-30 10:25:19"
"62","You have a new order! Order ID: 84","1972-05-30 10:25:19"
"96","You have a new order! Order ID: 84","1972-05-30 10:25:19"
"37","You have a new order! Order ID: 84","1972-05-30 10:25:19"
"30","You have a new order! Order ID: 85","2004-10-31 02:00:25"
"50","You have a new order! Order ID: 85","2004-10-31 02:00:25"
"95","You have a new order! Order ID: 85","2004-10-31 02:00:25"
"54","You have a new order! Order ID: 85","2004-10-31 02:00:25"
"85","You have a new order! Order ID: 86","2018-03-11 05:26:30"
"79","You have a new order! Order ID: 87","1982-03-29 23:37:43"
"37","You have a new order! Order ID: 87","1982-03-29 23:37:43"
"84","You have a new order! Order ID: 87","1982-03-29 23:37:43"
"56","You have a new order! Order ID: 87","1982-03-29 23:37:43"
"58","You have a new order! Order ID: 87","1982-03-29 23:37:43"
"86","You have a new order! Order ID: 88","1971-05-01 03:03:33"
"84","You have a new order! Order ID: 89","1994-02-14 09:02:28"
"50","You have a new order! Order ID: 89","1994-02-14 09:02:28"
"50","You have a new order! Order ID: 90","1978-02-07 22:19:07"
"58","You have a new order! Order ID: 90","1978-02-07 22:19:07"
"22","You have a new order! Order ID: 90","1978-02-07 22:19:07"
"70","You have a new order! Order ID: 90","1978-02-07 22:19:07"
"33","You have a new order! Order ID: 90","1978-02-07 22:19:07"
"89","You have a new order! Order ID: 91","1984-10-08 15:12:28"
"28","You have a new order! Order ID: 91","1984-10-08 15:12:28"
"5","You have a new order! Order ID: 92","1982-06-06 12:22:14"
"27","You have a new order! Order ID: 92","1982-06-06 12:22:14"
"80","You have a new order! Order ID: 92","1982-06-06 12:22:14"
"95","You have a new order! Order ID: 92","1982-06-06 12:22:14"
"69","You have a new order! Order ID: 92","1982-06-06 12:22:14"
"88","You have a new order! Order ID: 93","1971-05-10 20:50:32"
"27","You have a new order! Order ID: 93","1971-05-10 20:50:32"
"4","You have a new order! Order ID: 94","1986-09-17 04:55:20"
"86","You have a new order! Order ID: 94","1986-09-17 04:55:20"
"3","You have a new order! Order ID: 94","1986-09-17 04:55:20"
"68","You have a new order! Order ID: 94","1986-09-17 04:55:20"
"63","You have a new order! Order ID: 94","1986-09-17 04:55:20"
"23","You have a new order! Order ID: 95","2011-10-29 14:08:47"
"0","You have a new order! Order ID: 95","2011-10-29 14:08:47"
"67","You have a new order! Order ID: 95","2011-10-29 14:08:47"
"54","You have a new order! Order ID: 95","2011-10-29 14:08:47"
"90","You have a new order! Order ID: 96","1974-09-17 03:26:16"
"32","You have a new order! Order ID: 96","1974-09-17 03:26:16"
"44","You have a new order! Order ID: 96","1974-09-17 03:26:16"
"91","You have a new order! Order ID: 96","1974-09-17 03:26:16"
"64","You have a new order! Order ID: 97","1982-12-09 14:33:48"
"70","You have a new order! Order ID: 97","1982-12-09 14:33:48"
"13","You have a new order! Order ID: 98","1994-08-23 07:02:12"
"55","You have a new order! Order ID: 98","1994-08-23 07:02:12"
"29","You have a new order! Order ID: 98","1994-08-23 07:02:12"
"12","You have a new order! Order ID: 98","1994-08-23 07:02:12"
"85","You have a new order! Order ID: 98","1994-08-23 07:02:12"
"43","You have a new order! Order ID: 99","1976-01-29 07:03:40"
